cluster,customers,sales,profit,avg_margin,avg_aov,avg_freq,avg_recency,avg_discount,pct_lines_discounted,return_rate,lead_time,sales_share,profit_share,margin_weighted
0,166,448009.59632,-82517.3389,-0.17760956778996365,476.7379196173004,5.542168674698795,186.8734939759036,0.2330158697998629,0.7017660889368195,0.053131273010791076,4.012983636176407,0.17052160507992487,-0.24180992911078164,-0.18418654327453357
1,638,2179279.7498600003,423766.1007,0.18393022107501947,517.9886889181388,6.564263322884012,136.20846394984326,0.13684354247773844,0.48045802704118046,0.06157551521971585,3.940703445702985,0.8294783949200751,1.2418099291107818,0.1944523646985768
