decile,n,returns,return_rate,cum_returns,cum_return_share
9,102,22,0.21568627450980393,22,0.34375
8,102,11,0.10784313725490197,33,0.515625
7,102,6,0.058823529411764705,39,0.609375
6,102,7,0.06862745098039216,46,0.71875
5,102,6,0.058823529411764705,52,0.8125
4,102,3,0.029411764705882353,55,0.859375
3,102,3,0.029411764705882353,58,0.90625
2,102,4,0.0392156862745098,62,0.96875
1,102,1,0.00980392156862745,63,0.984375
0,102,1,0.00980392156862745,64,1.0
